" But cart has some errors."," 但是購物車有些錯誤"
" Note: Image size affects the performance of your app."," 注意：圖片大小會影響您App的表現。"
"""Description"" is more than %d characters long","""描述""多於 %d 個字符長度"
"""Title"" is more than %d characters long","""標題""多於 %d 個字符長度"
"""id"" attribute is required for a ""%s"" field.","""id"" attribute is required for a ""%s"" field"
"""line_count"" attribute is required for ""multiline"" element.","""multiline""元素需要""line_count""屬性  "
"""message"" attribute is required for ""%s"" validator rule.","""%s"" 驗證規則需要 ""message"" 屬性 "
"%1$s has been added to your wishlist.","%1$s 已經加入您的待購清單"
"%1$s has been added to your wishlist. Click <a href="%2$s">here</a> to continue shopping.","%1$s 已經加入您的待購清單，點選 <a href="%2$s">這裡</a> 繼續購物"
"%1$s incl tax.","%1$s 含稅"
"%@ is not correct","%@ 不正確"
"%s API Key required.","%s API 必填金鑰"
"%s Application ID required.","%s 必填應用程式代號"
"%s Secret Key required.","%s 必填安全金鑰"
"%s attribute is required.","%s 必填屬性"
"%s fields is required","%s fields is required"
"%s has been added to your cart.","%s 已經加入購物車"
"%s id:","%s id:"
"%s was updated in your shopping cart.","%s 已經更新在你的購物車."
"(Includes more countries than those listed below. As the application owner, you are responsible for complying with country-specific laws related to the distribution or sale of your application into that country, including your home country.)","（包含不在下列列表中的國家。作為應用程式的所有者，您有責任遵包含您的祖國在內守各國，對於銷售應用程式時的相關法律。）"
"* - field is required","* - field is required"
"*Subject to change","*如有變更"
"1. Please select type of the action:","1. 請選擇指令:"
"10:40 AM","10:40 AM"
"2. Please select a page","2. 請選擇頁面"
"2. Type Category Name","2. 輸入分類名稱"
"2. Type Product Name","2. 輸入產品名稱"
"80px x 80px","80px x 80px"
"80x80 px","80x80 px"
"<a href=""%s"" target=""_blank"">Login</a> to Urban Airship.","<a href=""%s"" target=""_blank"">登錄</a> Urban Airship."
"A Catalog Only App will not support functions such as add to cart, add to wishlist, or login.","只展示型錄的 App 不會提供像是加入購物車、加入待購清單或登入等功能"
"A new password has been sent.","已經送出新密碼"
"About","有關"
"Access forbidden","禁止訪問"
"Account","帳戶"
"Account Information","帳號資訊"
"Account Settings","帳號設定"
"Account confirmation is required. Please check your email for the confirmation link.","需要帳號認證，請確E-mail中的認證連結"
"Account information has been saved.","帳號資訊已經儲存"
"Action","操作"
"Action type does\'t recognized","不能辨認操作類型"
"Action type does\'t recognized.","不能辨認操作類型"
"Action type doesn\'t recognized.","不能辨認操作類型"
"Activate","啟用"
"Activate PayPal Checkout","啟用 PayPal 結帳"
"Activate PayPal MECL","啟用 PayPal MECL"
"Activation Key","啟用密鑰"
"Add","新增"
"Add Action","新增動作"
"Add Address from Contacts","從通訊綠加入地址"
"Add App","增加 App"
"Add Custom","Add Custom"
"Add New Address","新增新地址"
"Add New Template","新增模板"
"Add Page","新增頁面"
"Add To Wishlist","加到待購清單"
"Add a billing address","新增一個帳單地址"
"Add a shipping address","新增一個配送地址"
"Add to Cart","加入購物車"
"Add to Wishlist","新增到待購清單"
"Adding Product to Cart...","正把產品加入購物車..."
"Adding Product to WishList...","正把產品加入待購清單..."
"Additional Address","其他地址"
"Additional Info","其他資訊"
"Address","地址"
"Address 2","地址 2"
"Address Book","通訊錄"
"Address Book Updated","通訊錄更新"
"Address Info","地址資訊"
"Address book is empty","通訊錄是空的"
"Address data not specified.","地址資料不明確"
"Address does not belong to this customer.","地址不屬於這個客戶"
"Address has been deleted.","地址已被刪除"
"Address has been saved.","地址已被儲存"
"Admin Application Settings","管理應用設定"
"Admin Mobile Application","管理行動應用"
"Admin application has not been enabled","管理應用功能沒有啟動"
"Administrative contact for this app and for app submission issues.","這個App與App問題的管理人聯絡方式"
"Advanced Settings","進階設置"
"After submitting the App to Magento, please contact <a href=""mailto:%1$s"">%1$s</a> to receive the Application Key, Application Secret and Application Master Secret.","在送出App到Magento後，請聯絡 <a href=""mailto:%1$s"">%1$s</a> 取得程式金鑰(Application Key), 應用程式安全金鑰(Application Secret)和應用程式主安全金鑰(Application Master Secret)"
"AirMail Message Queue","航空郵件消息隊列"
"AirMail Messages Queue","航空郵件消息隊列"
"AirMail Template Preview","航空郵件模板預覽"
"AirMail message","航空郵件消息"
"AirMail templates","航空郵件模板"
"All Allowed Countries","所有允許國家"
"All Images","所有圖案"
"All locations","所有位置"
"Amount","數量"
"Amount in %@","%@的數量"
"Amounts","數量"
"An account with this email address already exists.","用這個E-mail的帳號已經存在。"
"An error occurred while adding item to wishlist.","加入產品待購清單時發生一個錯誤。"
"An error occurred while deleting the address.","刪除地址時發生一個錯誤。"
"An error occurred while loading categories.","載入分類時發生一個錯誤。"
"An error occurred while loading category filters.","載入分類過濾器時發生一個錯誤。"
"An error occurred while loading configuration.","載入設定時發生一個錯誤。"
"An error occurred while loading localization.","載入本地設定時發生錯誤。"
"An error occurred while loading login form.","載入登入表單時發生錯誤。"
"An error occurred while loading wishlist.","載入待購清單時發生一個錯誤。"
"An error occurred while processing your order. Please contact us or try again later.","處理您訂單時發生一個錯誤，請聯絡我們或是稍後嘗試。"
"An error occurred while processing your request.","處理您的要求時發生一個錯誤。"
"An error occurred while removing item from wishlist.","從待購清單移除一個項目時發生錯誤。"
"An error occurred while removing items from wishlist.","處理您的要求時發生一個錯誤。"
"An error occurred while removing item from wishlist.","從待購清單移除項目時發生一個錯誤"
"Analytics","分析"
"Android","Android"
"Android doesn\'t support AirMail message type.","Android 不支援 AirMail類型的訊息"
"App Background","App背景"
"App Background (landscape mode)","App背景 (橫式模式)"
"App Background (landscape mode).","App背景 (橫式模式)"
"App Background (portrait mode)","App背景 (直式模式)"
"App Background (portrait mode).","App背景 (直式模式)"
"App Background image missing.","找不到App背景圖片"
"App Code","App代碼"
"App Information","App資訊"
"App Name","App名稱"
"App Stores","App店舖"
"App Submission History","App提交歷史"
"App Title","App標題"
"App code","App code"
"App code required.","需要App代碼"
"App does not exist.","不存在這個App"
"App has been deleted.","App已經被刪除"
"App has been saved.","App已經被儲存"
"App has been submitted.","App已經被提交"
"App model not loaded.","App模組沒有載入"
"App with specified code does not exist.","有特殊代碼的App不存在"
"Appears in the info section of your app (範例: Copyright 2010 – Your Company, Inc.)","顯示在您應用的資訊介面中（例如：Copyright 2010 – Your Company, Inc.）"
"Application","應用程式"
"Application Key","應用程式金鑰"
"Application Master Secret","應用程式主安全金鑰"
"Application Name","應用程式名稱"
"Application Secret","應用程式安全金鑰"
"應用程式不存在","Application doesn\'t exist."
"Apply","套用"
"Applying Coupon Code","套用優惠券代碼"
"Applying Gift Card %@","套用禮品卡 %@"
"Are you sure you want to cancel a message?","您確定要取消訊息?"
"Are you sure you want to cancel selected records?","您確定要刪除選擇的記錄?"
"Are you sure you want to delete a message?","您確定要刪除訊息?"
"Are you sure you want to delete selected records?","您確定要刪除選擇的記錄?"
"Are you sure you want to delete this theme? This change will affect all applications.","您確定要刪除這個主題？這個改變會影響所有的應用程式。"
"Are you sure you want to do this?","您確定您要執行此操作嗎？"
"Are you sure you want to remove this item?","您確定要移除這個項目嗎?"
"As Low As","最低"
"As Low Excl. Tax","最低(不含稅)"
"As Low Incl. Tax","最低(含稅)"
"As a Magento customer, Urban Airship is offering you unlimited Push Notifications and Rich Push for $100/year* along with a 60 day free trial.","身為一個Magentod客戶，Urban Airship提供您無限的推播和進階推播，只要$100/年，且享有60天免費試用。"
"As low as","最低"
"As low as excl. tax","最低(不含稅)"
"As low as incl. tax","最低(含稅)"
"At last one application has to be created.","至少一個應用要被產生"
"At least one option should be selected","至少一個選項要被選起"
"Authentication complete.","完成授權"
"Authentication to %@ did failed...","授權 %@ 失敗..."
"Average Order Amount","平均訂單數量"
"Average Orders","平均訂單"
"Average Rating","平均分數"
"Back","返回"
"Back to App Edit","返回App編輯"
"Background Color","背景色"
"Balance","損益平衡"
"Balance Change","損益平衡改變"
"Balance History","損益平衡歷史記錄"
"Banner on Home Screen","主介面的廣告"
"Banner on Home Screen (landscape mode)","主介面的廣告 (橫式模式)"
"Banner on Home Screen (landscape mode) image missing.","主介面的廣告 (橫式模式) 找不到圖片"
"Banner on Home Screen (portrait mode)","主介面的廣告(直式模式)"
"Banner on Home Screen (portrait mode) image missing.","主介面的廣告(直式模式) 找不到圖片"
"Banner on Home Screen image missing.","主介面的廣告找不到圖片"
"Banners on Home Screen","主介面的廣告"
"Best Sellers","暢銷品"
"Billing","帳單"
"Billing Address","帳單地址"
"Billing address","帳單地址"
"Billing address has been set.","帳單地址已經設定"
"Bundle Products","產品組合"
"Buy %1$s for %2$s","為＄%2 購買 ＄%1"
"Buy %1$s for %2$s (%3$s incl. tax) each","為每 ＄%2（＄%3 含稅）購買 ＄%1"
"Buy %1$s for %2$s each","為每 ＄%2 購買 ＄%1"
"Buy %1$s with %2$s discount each","每買 ＄%1 有 ＄%2 折扣"
"Buy More & Save","買越多省越多"
"Buyer country is not allowed by store.","店家不接受這個國家的買家"
"CMS Page","CMS頁面"
"CMS Pages haven\'t been found.","沒有找到CMS頁面"
"Cache Lifetime (seconds)","快取壽命（秒）"
"Cache Management","快取管理"
"Can\'t add item to shopping cart.","不能把項目加到購物車"
"Can\'t apply the coupon code.","不能使用優惠券"
"Can\'t copy file ""%s"" to ""%s"".","不能複製檔案 ""%s"" 到 ""%s"""
"Can\'t create wishlist.","不能產生待購清單"
"Can\'t delete ""%s"" theme.","不能刪除主題"
"Can\'t load XML.","不能載入XML"
"Can\'t load admin application settings.","不能載入管理應用設定"
"Can\'t load application with id ""%s""","不能載入管理應用代碼 ""%s"""
"Can\'t load cart info.","不能載入購物車資訊"
"Can\'t load cart.","不能載入購物車"
"Can\'t load customer form.","不能載入客戶表格"
"Can\'t load default themes.","不能載入預設主題"
"Can\'t load selected theme. Please check your media folder permissions.","不能載入選擇的主題，請檢查您多媒體資料夾的權限設定"
"Can\'t load template with id ""%s""","不能載入代碼""%s""的模板"
"Can\'t open submission form.","不能打開提交的表格"
"Can\'t read file ""%s"".","不能讀取檔案""%s"""
"Can\'t remove the item.","不能移動項目"
"Can\'t reset theme.","不能重設主題"
"Can\'t save address.","不能儲存地址"
"Can\'t save the customer.","不能儲存客戶"
"Can\'t save theme.","不能儲存主題"
"Can\'t show configuration.","不能顯示設定"
"Can\'t specify product.","不能指定產品"
"Can\'t submit application.","不能送出應用"
"Can\'t update cart.","不能更新購物車"
"Can\'t write to file ""%s"".","不能寫入檔案 ""%s"""
"Cancel","取消"
"Canceled","已取消"
"Canceling PayPal ...","取消PayPal中 ..."
"Cancelled","已取消"
"Cannot apply gift card.","不能套用禮物卡。"
"Cannot configure product.","不能設定產品。"
"Cannot load theme ""%s"".","不能載入主題""%s""。"
"Cannot redeem Gift Card.","不能兌換禮物卡。"
"Cannot remove gift card.","不能移除禮物卡。"
"Cannot save theme ""%s"". Incorrect data received","無法儲存主題 ""%s""。收到的資料有誤"
"Cannot update the item.","不能更新這個項目。"
"Card Verification Number","卡片驗證號碼"
"Card verification number is wrong","卡驗證號碼有誤"
"Carrier","貨運公司"
"Cart","購物車"
"Cart Updated","已更新購物車"
"Cart has been updated.","購物車已經被更新。"
"Cart has some errors.","購物車出錯"
"Cart is empty.","購物車是空的"
"Catalog Only App?","App 只展示型錄？"
"Category","分類"
"Category Button Color","分類按鈕顏色"
"Category Item Background Color","型錄產品背景色"
"Cc:","Cc:"
"Chairs","鏈"
"Change Orientation","更改方向"
"Change Password","更改密碼"
"Changes have been saved to theme.","主題的變更已經儲存。"
"Check","查看"
"Check Gift Card","查看禮物卡"
"Check Gift Card Promo Redeemed","查看促銷用禮物卡兌換情形"
"Checking Gift Card %@","查看禮物卡 %@"
"Checkout","結帳"
"Checkout Page Registration","結帳頁面註冊"
"Checkout as Guest","以訪客的身份結帳"
"Checkout as Guest or Register","以訪客或者會員的身份結帳"
"Checkout has been initialized.","已經初始化結帳。"
"Checkout initialization...","結帳初始化中..."
"Checkout initialized!","結帳初始化完畢!"
"Choose Store View","選擇商店展示方式"
"Choose amount","選擇數量"
"Choose file","選擇檔案"
"City","城市"
"Clear","清除"
"Close","關閉"
"Color Themes","色彩主題"
"Colors","色彩"
"Commiting updates...","正在提交更新..."
"Company","公司"
"Completed","已完成"
"Configuration data have been saved","設定檔已經被儲存"
"Configure Cart Item","設定購物車中項目"
"Confirm New Password","確認新密碼"
"Confirm Password","確認密碼"
"Connecting","Connecting"
"Connection Error\nWe\'re sorry. The app is experiencing connection problems. The app requires a network connection to operate.","出現連線錯誤\n我們很抱歉。這個App出現連線問題。這個App需要網路連線才能執行。"
"Contact Email","聯繫郵件"
"Contact Information","聯繫資訊"
"ContactsAreEmpty","無聯絡資訊"
"Container is not defined.","封裝沒有被定義。"
"Content","內容"
"Continue","繼續"
"Copyright","版權所有"
"Copyright Page Logo","版權頁面圖示"
"Copyright Page Logo (iPhone 4 retina)","版權頁面圖示 (iPhone 4 retina)"
"Copyright: Magento (c) 2010","Copyright: Magento (c) 2010"
"Countries","國家"
"Countries Payment Applicable From","國家付款請求於"
"Country","國家"
"Country options don\'t recognized for ""%s"".","國家選項不能辨識 ""%s"""
"Coupon code %s is not valid.","優惠券代碼 %s 無效。"
"Coupon code %s was applied.","優惠券代碼 %s 已經使用。"
"Coupon code is empty.","優惠券代碼是空白"
"Coupon code was canceled.","優惠券代碼已經被取消"
"Create Account","建立帳號"
"Create an Account","建立一個帳號"
"Creating a Template is allowed only for applications which have device type iPhone.","建立一個模板只適用於iphone的應用。"
"Credit Card","信用卡"
"Credit Card %s","信用卡 %s"
"Credit Card Number","信用卡號碼"
"Credit Card Type","信用卡類型"
"Credit card number does not match credit card type.","信用卡號碼不符合信用卡類型"
"Cross Sells","Cross Sells"
"Current Balance: %s","當前餘額: %s"
"Current Password","當前密碼"
"Currently, the system does not support the viewing of the order detail.","目前系統不支援顯示訂單細節。"
"Custom App Icon","自定App圖標"
"Custom App Icon (iPhone 4 retina)","自定App圖標(iPhone 4 retina)"
"Custom Colors","自定顏色"
"Custom amount","自定數量"
"Customer","客戶"
"Customer Name","客戶名稱"
"Customer authentication problem.","Customer authentication problem"
"Customer balance available in enterprise version of Magento only.","只有Magento的企業版提供客戶餘額功能"
"Customer balance is disabled for current store","客戶餘額在當前的店鋪被禁用"
"Customer email not specified.","沒有指定客戶E-mail"
"Customer logout problem.","客戶登出出現問題"
"Customer not logged in.","客戶沒有登入"
"Customers","客戶"
"DD","DD"
"Date","日期"
"Date Created","建立日期"
"Date Submitted","提交日期"
"Date Updated","更新日期"
"Date:","日期:"
"Day","日"
"Deeper Messaging and Engagement with Rich Push.","用Rich Push深化訊息與參與度"
"Default Billing Address","預設帳單地址"
"Default Shipping Address","預設配送地址"
"Default Theme","預設主題"
"Default themes are missed.","找不到預設主題。"
"Delete","刪除"
"Delete Action","刪除操作"
"Delete theme","刪除主題"
"Deleted","已刪除"
"Description","說明"
"Description that appears in Android Market. %s chars maximum. ","顯示在Android市場中的描述。最多 %s 個字符。"
"Description that appears in the iTunes App Store. %s chars maximum. ","顯示在iTunes App Store中的描述。最多 %s 個字符。"
"Deselect All","全部反選"
"Design","設計"
"Device","設備"
"Device Information","設備資訊"
"Device Type","設備類型"
"Device doesn\'t recognized","不能辨識設備"
"Device doesn\'t recognized. Unable to load a template.","不能辨識設備，無法載入模板"
"Device doesn\'t recognized: ""%s"". Unable to load a helper.","不能辨識設備: ""%s""。 無法載入幫助說明。"
"Device doesn\'t recognized: ""%s"". Unable to load preview model.","不能辨識設備: ""%s""。不能載入預覽模型。"
"Device type doesn\'t recognized.","不能辨識設備類型。"
"Discount code is empty","折價代碼為空白"
"Discount:","折價:"
"Done","完成"
"Downloadable Products Updated","可以下載的更新"
"Downloads limit:","下載限制:"
"E-mail","電子郵件"
"Edit","編輯"
"Edit Action","編輯操作"
"Edit Address","編輯地址"
"Edit AirMail Message","編輯航空郵件資訊"
"Edit AirMail Message Queue #%s","編輯航空郵件隊列 #%s"
"Edit App ""%s""","編輯 App ""%s"""
"Edit Filter","編輯篩選器"
"Edit Image","編輯圖片"
"Edit Mail List","編輯郵寄名單"
"Edit Template ""%s""","編輯模板 ""%s"""
"Edit filter","編輯過濾器"
"Edit note","編輯筆記"
"Either remote URL or application code was not set. Please make sure you filled all the values and try again.","remote URL或應用程式代碼沒有設定，請確定您填好所有的值然後再次嘗試。"
"Element with id %s already exists","ID為 %s 的元素已經存在"
"Email","電子郵件"
"Email Address","電子郵件地址"
"Email address you provided is not valid. Please provide a valid one.","電子郵件地址不正確，請提供有效的地址。"
"Email is not correct","電子郵件不正確"
"Email is not specified","電子郵件沒有指定"
"Enable Admin Application","啟用管理應用"
"Enable AirMail Message Push notification","啟用AirMail資訊推送通知"
"Enable Facebook","啟用Facebook"
"Enable Flurry Analytics","啟用Flurry分析"
"Enable Flurry Analytics for the merchant.","啟用商用Flurry Analytics"
"Enable LinkedIn","啟用LinkedIn"
"Enable Standard Checkout","啟用標準結帳"
"Enable Twitter","啟用Twitter"
"Enter Name","輸入名稱"
"Enter discount code first.","請先輸入折價代碼"
"Enter discount code if any","如果需要請輸入折價代碼"
"Enter e-mail","輸入電子郵件"
"Enter giftcard promo code here","在這裡輸入促銷禮物卡代碼"
"Enter text","輸入下一個"
"Enter the gift card code","輸入禮物卡代碼"
"Error","錯誤"
"Error Loading Configuration Format","載入設定格式出錯"
"Error during shortening url","產生短網址時出錯"
"Error message text is missed.","找不到訊息文字"
"Error while processing file ""%s"".","在運行檔案 ""%s""時發生錯誤"
"Error while reading data from Payment Bridge. Please, try again.","從Payment Bridge讀取資料時出錯. 請再試一次"
"Error while reading remote data","讀取遠端資料時發生錯誤"
"Error while uploading file ""%s"".","更新檔案 ""%s""時發生錯誤"
"Error while uploading file ""%s"". Disallowed file type. Only ""jpg"", ""jpeg"", ""gif"", ""png"" are allowed.","上傳檔案時發生錯誤 ""%s"". 不是允許的檔案類型。只有 ""jpg"", ""jpeg"", ""gif"", ""png"" 被允許。"
"Excl. Tax","不含稅"
"Expiration Date - Month","截止日期 - 月"
"Expiration Date - Year","截止日期 - 年"
"Expires: %s","屆滿: %s"
"Extend the life of your app with Urban Airship Push Notifications.","用Urban Airship推播延展您的生活"
"Extensions","擴展"
"FILTERS APPLIED","過濾器已應用"
"Facebook","Facebook"
"Facebook API","Facebook API"
"Facebook Application ID","反饋應用程式ID"
"Facebook post failed...","發佈到Facebook失敗..."
"Fax","傳真"
"File can\'t be uploaded.","檔案不能上傳"
"File doesn\'t exist ""%s"".","檔案不存在 ""%s"""
"Filter","過濾器"
"Filters","過濾器"
"First Name","名字"
"Fixed amounts","固定的數量"
"Flurry API Code","Flurry API代碼"
"Flurry Analytics","Flurry分析"
"Flurry Analytics Site","Flurry分析網站"
"Fonts","字體"
"Forgot Password","忘記密碼"
"Forgot Password?","忘記密碼?"
"Forgot your password?","忘記您的密碼?"
"Form","表格"
"Free","免費"
"From","表格"
"From Excl. Tax","表格不含稅"
"From Incl. Tax","表格含稅"
"From excl. tax","表格不含稅"
"From incl. tax","表格含稅"
"Full Description","全文"
"Funk Leaf","Funk Leaf"
"Gallery","相簿"
"General","常規"
"Generate Offline Catalog","產生離線目錄"
"Get Content from CMS Page","從CMS頁面獲得內容"
"Gift Card ""%s"" was added.","禮物卡 ""%s""已經加入"
"Gift Card ""%s"" was redeemed.","禮物卡 ""%s"" 已經兌換"
"Gift Card ""%s"" was removed.","禮物卡""%s"" 已經移除"
"Gift Card (%s)","禮品卡 (%s)"
"Gift Card amount applied to order: %s","禮品卡金額已使用於訂單: %s"
"Gift Card code is empty.","禮物卡代碼為空"
"Gift Card: %s","禮品卡: %s"
"Gift card account available in enterprise version of Magento only.","只有Magneto企業板有禮物卡帳號功能"
"Giftcard promo code","促銷禮物卡代號"
"Grand Total","合計"
"Grand Total (Excl. Tax)","合計（未稅）"
"Grand Total (Incl. Tax)","合計（含稅）"
"Guest","訪客"
"Header Background Color","頁首背景色"
"Header Font Color","頁首字體顏色"
"High Resolution Application Icon","高分辨率應用程式圖標"
"Home","首頁"
"Hot Red","大紅"
"How do you rate this product?","您如何評價這個產品呢？"
"How to incorporate Urban Airship within your application:","如何將Urban Airship與您的應用合併："
"I Agree","我同意"
"I agree to the Terms and Conditions","我同意條款與規範"
"ID","ID"
"Icon that will appear on the user\'s device after they download your app.","您下載之後圖標會出現在使用者的裝置"
"Icon that will appear on the user\'s device after they download your app. You do not need to apply a gradient or soft edges (this is done automatically by Apple).","客戶下載之後圖標會出現在使用者的裝置，您不需要製作柔邊或曲線特效 (Apple會主動完成)"
"Icon that will appear on the user\'s phone after they download your app.  You do not need to apply a gradient or soft edges (this is done automatically by Apple).","客戶下載之後圖標會出現在使用者的手機，您不需要製作柔邊或曲線特效 (Apple會主動完成)"
"Icon that will appear on the user\'s phone after they download your app. You do not need to apply a gradient or soft edges (this is done automatically by Apple).","客戶下載之後圖標會出現在使用者的手機，您不需要製作柔邊或曲線特效 (Apple會主動完成)"
"Icons","圖標"
"If leave this field empty, the message will be sent immediately","如果這個欄位留空，資訊將立刻發送。"
"If you want to disable the cache on the application side, leave the field empty. Warning! When disabling cache, the application will take time to load each page.","如果您希望在應用程式端停用快取，欄位請設為空白。警告！如果停用快取，應用程式每頁都會會需要一點時間載入"
"Image %s is required.","需要圖片 %s 。"
"Image action has been saved.","圖片操作已經被儲存"
"Image does not exist. Please reload this page.","圖片不存在，請重新載入這個頁面。"
"Image file was not found.","找不到圖片檔。"
"Image has been deleted.","圖片已經被刪除。"
"Image id is required.","需要圖片代碼。"
"Image limits don\'t recognized for ""%s"" image type","圖片限制不能辨識為圖片類型""%s"""
"Image that appears on first screen while your app is loading.","當你的app開始運行時出現在第一個螢幕的圖片。"
"Image type doesn\'t recognized: ""%s"".","圖片類型不能辨認: ""%s""."
"Image type is required.","需要圖片類型。"
"Images","圖像"
"Images order has been updated.","圖片排序已經被更新。"
"In Queue","位於隊列中"
"In Stock","有貨"
"In addition, click here to review Urban Airship\'s Terms of Service: <a href=""%s"" target=""_blank"">click here</a>.","此外, 點這裡查看Urban Airship的服務條款 : <a href=""%s"" target=""_blank"">點這裡</a>"
"In order to resubmit your app, you need to first purchase a <a href=""%s"" target=""_blank"">%s</a> from MagentoCommerce","為了提交您的App，您需要首先從MagentoCommerce購買 <a href=""%s"" target=""_blank"">%s</a>。"
"In order to submit your app, you need to first purchase a <a href=""%s"" target=""_blank"">%s</a> from MagentoCommerce","為了提交您的App，您需要首先從MagentoCommerce購買 <a href=""%s"" target=""_blank"">%s</a>。"
"Inactive Tabs","非活躍選項卡"
"Incl. Tax","含稅"
"Incl. tax","含稅"
"Initialization PayPal ...","初始化PayPal ..."
"Initialization of the PayPal checkout failed!","初始化PayPal結帳已經失敗!"
"Invalid XML.","無效 XML"
"Invalid current password.","無效的密碼。"
"Invalid customer data.","無效的客戶資料。"
"Invalid data.","無效的資料。"
"Invalid email address.","無效的電子郵件地址。"
"Invalid item or wishlist.","無效的項目或待購清單。"
"Invalid login or password.","無效的登入或密碼。"
"Invalid shipping method.","無效的配送方式。"
"Issue Number","問題編號"
"It\'s not allowed to delete submitted application.","不允許刪除已經發佈的應用。"
"Item","項目"
"Item Options","項目選項"
"Item has been added to cart.","項目已經被加進購物車。"
"Item has been deleted from cart.","項目已經從購物車刪除。"
"Item has been removed from wishlist.","項目已經從待購清單中刪除。"
"Items","項目"
"Items were updated. But can\'t update wishlist.","項目已經被更新，但是沒有更新待購清單。"
"Keep your image size below %s KB for optimal performance.","為了最適化設定，請讓您的圖案大小小於 %s KB"
"Key","金鑰"
"Keywords","關鍵字"
"Label","標籤"
"Landscape app Background","橫式app桌面"
"Landscape banners on Home Screen","橫式app主界面廣告"
"Large iTunes Icon","大iTunes圖標"
"Large icon that appears in the iTunes App Store. You do not need to apply a gradient or soft edges (this is done automatically by Apple).","大圖標會出現在itune store，您不需要製作柔邊或曲線特效 (Apple會主動完成)"
"Last 5 Orders","最新五筆訂單"
"Last 5 Search Terms","最新五筆搜尋項目"
"Last Name","姓氏"
"Last update: %@","最新更新: %@"
"Lifetime Sales","累積訂單金額"
"LindedIn","LindedIn"
"Link:","連結:"
"LinkedIn","LinkedIn"
"LinkedIn API","LinkedIn API"
"LinkedIn API Key","LinkedIn API金鑰"
"LinkedIn Authorization","LinkedIn 授權"
"LinkedIn Autorization","LinkedIn 授權"
"LinkedIn Secret Key","LinkedIn金鑰"
"Linkedin post failed...","發佈到Linkedin失敗..."
"List of downloadable products is empty","可下載產品清單是空的"
"Load more items","載入更多品項"
"Loader Splash Screen","載入啟動介面"
"Loader Splash Screen (iPhone 4 retina)","載入啟動介面(iPhone 4 retina)"
"Loader Splash Screen (landscape mode)","載入啟動介面(橫式模式)"
"Loader Splash Screen (portrait mode)","載入啟動介面(直式模式)"
"Loading %@...","載入中 %@..."
"Loading Account Form...","載入帳號表格..."
"Loading Address Book...","載入通訊錄..."
"Loading Address Form...","載入地址表格..."
"Loading CMS page ...","載入CMS頁面 ..."
"Loading Cart...","載入購物車..."
"Loading Gallery...","載入相簿..."
"Loading Login Form...","載入登入表單..."
"Loading My Downloadable Products...","載入我可以下載的產品.."
"Loading Order Details","載入訂單細節"
"Loading Orders List...","載入訂單清單..."
"Loading Preview...","載入預覽.."
"Loading Product Options...","載入產品選項..."
"Loading Products...","載入產品..."
"Loading Registration Form...","仔入註冊表單..."
"Loading Restore Password Form...","載入密碼復原表單..."
"Loading Store Credit...","載入商店購物積分..."
"Loading WishList...","載入待購清單..."
"Loading Write Review Form...","載入寫入評論表單..."
"Loading category ...","載入分類..."
"Loading more items...","載入更多項目..."
"Loading product ...","載入產品..."
"Loading shipping methods ...","載入配送方式..."
"Loading...","載入..."
"Locations","位置"
"Log In","登錄"
"Log Out","登出"
"Log in to Admin Panel","登入管理後台"
"Log into Account","登入帳號"
"Log into your account","登入您的帳號"
"Log out Account","登出帳號"
"LogInMessageTitle","登入訊息標題"
"Login and password are required.","需要登入和密碼"
"Logo in Header","頁首圖示"
"Logo in Header image missing.","找不到頭版圖片"
"Logout complete.","完成登出"
"MEP is PayPal\'s native checkout experience for the iPhone. You can choose to use MEP alongside standard checkout, or use it as your only checkout method for Magento mobile. PayPal MEP requires a <a href=""%s"">PayPal business account</a>","MEP是Paypal為iPhone原生的結帳體驗。您可以選擇MEP跟標準結帳一起使用，或用它作為唯一的結帳方法於Magento mobile。Paypal的MEP需要一個<a href=""%s"">的PayPal商業帳戶</a>"
"MM","MM"
"Mailbox title","郵箱標題"
"Main Tabs","主選項卡"
"Make Inactive","使其不活躍"
"Make this app available in the following territories","讓該App可在下列區域使用"
"Manage Apps","管理App"
"Manage Mobile App","管理移動App"
"Maximum length is 140","最大長度為140"
"Maximum length is 255","最大長度為255"
"Maximum size: %s KB.","最大大小: %s KB."
"Maximum: %.2f","最小: %.2f"
"Merchant Label","商家標籤"
"Merge","合併"
"Message","訊息"
"Message Queue","訊息排程"
"Message Settings","消息設置"
"Message Templates","訊息模板"
"Message Title","消息標題"
"Message Type","消息類型"
"Message can be edited when status of the message is ""In Queue"" only.","只有在「等待中」狀態下的訊息可以被編輯。"
"Message content","消息內容"
"Message text is missed.","找不到訊息文字。"
"Message title","消息標題"
"Message too long, please use 140 symbols","訊息太長，請在140字元內。"
"Message type doesn\'t recognized","不能辨識訊息類型"
"Minimize","最小"
"Minimum %@, maximum %@","最小 %@, 最大 %@"
"Minimum: %.2f","最小: %.2f"
"Mobile","行動版"
"Mobile Express Checkout has been canceled.","行動通道結帳已經取消"
"Mobile Express Checkout processed successfully.","行動通道結帳已經成功處理"
"Month","月"
"More","更多"
"More Info","更多資訊"
"More Tabs","更多標籤"
"Most Viewed Products","被查看最多次的產品"
"My Account","我的帳號"
"My Downloadable Products","我可以下載的產品"
"My Orders","我的訂單"
"My Wishlist","我的待購清單"
"Name","姓名"
"Name on Card","卡片上的名字"
"Name that appears beneath your app when users install it to their device. We recommend choosing a name that is 10-12 characters and that your customers will recognize. %s chars max.","當使用者安裝之後，姓名會出現在app的下面。我們建議名字字元在10-12之間，這樣您的客戶會比較好辨識。最高也不要超過%s字元"
"New AirMail Message","新 AirMail 消息"
"New AirMail Message Queue","新 AirMail 消息隊列"
"New App","新App程式"
"New Customers","新客戶"
"New Password","新密碼"
"New Template","新版型"
"New to Our Store?","有什麼新產品?"
"Nickname","暱稱"
"No","否"
"No Payment Information Required","無需付款資訊"
"No Ratings","沒有評價"
"No internet connection. Retry later ...","沒有連接網路，請稍後重試..."
"No items were specifed to update.","沒有指定項目更新"
"No items were updated.","沒有項目被更新"
"No product selected.","沒有選取產品"
"No products found. Please retry with other term","沒有找到產品。請用別的關鍵次重新搜尋。"
"No shipping method required.","不需要配送方式"
"No such file ""%s"".","沒有檔案""%s"""
"Not Submitted","未提交"
"Note: Image size affects the performance of your app.","注意: 圖片大小會影響您app的效能。"
"Notice","注意"
"Number of Orders","訂單的號碼"
"Number of Uses","使用的號碼"
"OK","好"
"OR, Pay with Standard Checkout","或者，用標準結帳付款"
"Offline Catalog","離線目錄"
"Offline cart stored on server","離線購物車已儲存在伺服機上。"
"Offline catalog export complete.","離線目錄已經完全匯出。"
"Offline catalog export failed.","離線目錄匯出失敗。"
"One or more keywords that describe your app. Keywords are matched to users\' searches in the App Store and help return accurate search results. Separate multiple keywords with commas. 100 chars is maximum.","用一個或以上的關鍵次來描述您的App，關鍵字讓使用者在App Store搜尋的時候能有精確的結果。用「,」來區分各個關鍵字，最多在100字元內"
"Onepage checkout is disabled.","一頁結帳被關閉"
"Only custom theme can be deleted","只可以刪除自訂主題"
"Only default theme can be reset","只可以重置預設主題"
"Only free apps are allowed in this version.","只有免費的app在這個版本上被允許。"
"Only registered users can write reviews. Please, log in or register.","只有"
"Open","打開"
"Options","選項"
"Options menu items","選項選單項"
"Order","訂單"
"Order #","訂單 #"
"Order #%s - %s","訂單 #%s - %s"
"Order Date: %s","訂單日期: %s"
"Order Details Updated","訂單細節已經更新"
"Order ID","訂單代碼"
"Order ID:","訂單代碼:"
"Order Info","訂單資訊"
"Order List Updated","訂單"
"Order Number","訂單號碼"
"Order Review","訂單評論"
"Order canceled","訂單已經取消"
"Order failed","訂單失敗"
"Order id is not specified.","沒有指定訂單代號"
"Order is not available.","無法取得訂單"
"Ordered","已訂購"
"Ordered Items","已訂購項目"
"Orders","訂單"
"Other amount","其他數量"
"Out of Stock","缺貨"
"Output format is not specified. Please, specify ""format"" key in constructor, or set it using setFormat().","沒有指定輸出格式 請指定 ""format"" 金鑰在 constructor中, 或者用 setFormat()來設定"
"Overall Activity","整體活動"
"POST data is not valid.","無效的POST資料"
"Pages","頁面"
"Password","密碼"
"Password fields cannot be empty.","密碼欄不能為空白。"
"Password is not specified","沒有指定密碼"
"Password:","密碼:"
"PayPal","PayPal"
"PayPal Checkout","PayPal結帳"
"PayPal MECL is the mobile version of PayPal\'s Express Checkout service. You can choose to use MECL alongside standard checkout, or use it as your only checkout method for Magento Mobile.","PayPal MECL 是行動版的PayPal快速結帳服務。您可以搭配標準結帳來使用MECL，或者作為Magento Mobile的單一結帳方式。"
"PayPal MEP","PayPal MEP"
"PayPal Mobile Embedded Payment (MEP)","PayPal 行動嵌入支付 (MEP)"
"PayPal Mobile Express Checkout","PayPal行動快速結帳"
"PayPal Mobile Express Checkout Library (MECL)","PayPal行動快速結帳 Library (MECL)"
"PayPal Mobile Express Checkout Token does not exist.","PayPal行動快速結帳程式字串(Token)不存在"
"Payer Email: %s","付款人電子郵件: %s"
"Payment Applicable From","付款方式適用於從"
"Payment Bridge module unavailable.","無法取得Payment Bridge模組"
"Payment Information","付款資訊"
"Payment Method","付款方式"
"Payment Method has been set.","付款方式已經設定"
"Payment Methods","付款方式"
"Payment method","付款方式"
"Payment method was successfully set.","付款方式已經成功設定"
"Paypal MEP doesn\'t support checkout with any discount.","Paypal MEP不支援有任何優惠的結帳"
"Place Order","下訂單"
"Placing order ...","正在下訂單..."
"Please <a href=""%s"" target=""_blank"">click here</a> to see how to setup and retrieve API credentials.","請<a href=""%s"" target=""_blank"">點這裡</a>了解如何設定與取得API認證"
"Please Select Application","請選擇 Application"
"Please Select Device Type","請選擇設備類型"
"Please agree to all the terms and conditions before placing the order.","請在下訂單前同意所有的條款。"
"Please create and save an application first.","請先創造和儲存一個應用"
"Please enter ""App Title"".","Please enter ""App 標題"""
"Please enter a valid URL. Protocol is required (http://, https:// or ftp://)","請輸入一個有效的 URL. 需要Protocol (http://, https:// or ftp://)"
"Please enter a valid date.","請輸入有效的日期"
"Please enter a valid email address. For example johndoe@domain.com.","請輸入有效地電子郵件，比如 johndoe@domain.com"
"Please enter at least one email recipient","請輸入至少一個收件人e-mail"
"Please enter issue number or start date for switch/solo card type.","請輸入一個議題編號或switch/solo卡類型的起始日期。"
"Please enter the Activation Key.","請輸入啟動金鑰"
"Please enter the Copyright.","請輸入版權聲明"
"Please enter the Description.","請輸入描述"
"Please enter the Price.","請輸入價格"
"Please enter the Resubmission Key.","請輸入重新提交金鑰"
"Please enter the Title.","請輸入標題"
"Please make sure your passwords match.","請確認您的密碼相符"
"Please save application first.","請先儲存應用。"
"Please select an option.","請選一個"
"Please select at least one country.","請至少選擇一個國家"
"Please select payment method to cover a quote","請先選擇付款方式或請求報價"
"Please set email","請設定e-mail"
"Please specify payment method","請指定付款方式"
"Please specify shipping method","請指定配送方式"
"Please upload  an image for ""App Background (landscape mode)"" field from Design Tab.","請從設計分頁上傳一個 ""App 背景(橫式模式)""欄的圖片"
"Please upload  an image for ""App Background (portrait mode)"" field from Design Tab.","請從設計分頁上傳一個 ""App 背景(直式模式)""欄的圖片"
"Please upload  an image for ""App Background"" field from Design Tab.","請從設計分頁上傳一個 ""App 背景""欄的圖片"
"Please upload  an image for ""Banner on Home Screen (landscape mode)"" field from Design Tab.","請從設計分頁上傳一個 ""主界面廣告(橫式模式)""欄的圖片"
"Please upload  an image for ""Banner on Home Screen (portrait mode)"" field from Design Tab.","請從設計分頁上傳一個 ""主界面廣告(直式模式)""欄的圖片"
"Please upload  an image for ""Banner on Home Screen"" field from Design Tab.","Please upload  an image for ""請從設計分頁上傳一個 ""主界面廣告""欄的圖片"
"Please upload  an image for ""Logo in Header"" field from Design Tab.","請從設計分頁上傳一個 ""頭版圖標""欄的圖片"
"Please use letters only (a-z or A-Z) in this field.","此欄只能接受字母(a-z或A-Z)"
"Please use numbers only in this field. Please avoid spaces or other characters such as dots or commas.","此欄只能使用數字，請避免空格或任何標點符號"
"Please use only letters (a-z or A-Z) or numbers (0-9) only in this field. No spaces or other characters are allowed.","這個欄位只接受字母 (a-z 或 A-Z) 或數字，無法使用空白或其他字元"
"Please wait...","請稍後..."
"Please, specify gift card amount!","請指定禮物卡數量！"
"Portrait app Background","直式app背景"
"Portrait banners on Home Screen","主頁面上的直向廣告"
"Post this product to your wall","把這個產品貼到訊息牆上"
"Posting to e-mails","發到e-mail"
"Preferred size: %spx x %spx.","參考大小: %spx x %spx."
"Preset Theme","預設主題"
"Preview","預覽"
"Price","價格"
"Price Font Color","價格字體顏色"
"Price excluding tax","價格不含稅"
"Price including tax","價格含稅"
"Primary Color","主要顏色"
"Primary Font Color","主要字體顏色"
"Problem changing or sending password.","異動或寄送密碼時發生問題"
"Proceed to Checkout","進行結帳"
"Product","Product"
"Product Added to Cart","產品已經加到購物車"
"Product Added to Wishlist","產品已經加到待購清單"
"Product Gallery Updated","產品相簿更新"
"Product Name3 ","產品名稱3"
"Product Name3 1","產品名稱3 1"
"Product Name3 2","產品名稱3 2"
"Product Options Updated","產品選項更新"
"Product Removed From Wishlist","產品已經從待購清單移除"
"Product Reviews Updated","產品評論更新"
"Product SKU","產品統一編號"
"Product Updated","產品更新"
"Product added","加入產品"
"Product is out of stock","產品缺貨"
"Product is unavailable.","無法取得產品"
"Product only available on the website.","產品只能在網站取得"
"Product succesfully added to cart","產品成功加到購物車"
"Product was not specified.","產品沒有指定"
"Product(s) currently out of stock.","產品目前缺貨"
"Products","產品"
"Pull Down To Update..","下拉後更新.."
"Purchase Order Number","採購訂單號"
"Push Notification","發布通知"
"Push Notifications allow you to send messages directly to the people who have installed your app on their device. Send messages to your full audience even when your app is closed. Push Notifications are one of the best ways to keep your app active by delivering valuable content directly to your customers. Learn more about Push Notifications - <a href=""%1$s"" target=""_blank"">%1$s</a>","推送通知允許您直接發送郵件到安裝了您應用程式的設備上。消息完整地發送到您的觀眾，甚至當您的應用程序被關閉。推送通知是保持活您App活躍的最佳途徑。了解更多關於推送通知 - <a href=""%1$s"" target=""_blank"">%1$s</a>"
"Push Title","推送標題"
"Push message","推送資訊"
"Push title","推送標題"
"Qty","數量"
"Qty:","數量:"
"Quantity","數量"
"Quantity:","數量:"
"Queue Date","佇列日期"
"Queue Message","佇列消息"
"Queue does not exist.","佇列不存在"
"Queue is allowed only for applications with enabled Push Notification.","當應用程式起用了推送通知功能，才需要佇列"
"Quote instance is required.","需要佇列實例"
"Quote item is not found.","找不到佇列項目"
"Range param doesn\'t recognized","無法辨識參數範圍"
"Ratings and Reviews","評分與評論"
"Read the Terms and Conditions","閱讀條款"
"Recent Activity","最近活動"
"Recipient Information","收件人資訊"
"Recommended size %spx x %spx.","建議大小 %spx x %spx."
"Recommended size: %spx x %spx at %s dpi.","建議大小: %spx x %spx at %s dpi."
"Recommended size: %spx x %spx.","建議大小: %spx x %spx."
"Recover","復原"
"Redeem","兌換"
"Redeeming Gift Card %@","兌換禮物卡 %@"
"Redemption functionality is disabled.","兌換功能已關閉。"
"Refunded","已退貨"
"Regions","地區"
"Register","註冊"
"Registering cart ...","正在註冊購物車 ..."
"Registering user ...","正在註冊用戶 ..."
"Regular","常規"
"Regular and confirmation passwords must be equal","常規和確認密碼必須一致。"
"Related Product Background Color","相關產品的背景色"
"Release To Update...","釋出更新..."
"Relevance","關聯性"
"Remaining downloads","保持下載"
"Remove","移除"
"Remove Address...","正在移除地址..."
"Removing %@...","正在移除 %@..."
"Removing Coupon...","正在移除優惠券..."
"Removing Gift Card...","正在移除禮物卡..."
"Removing Product from WishList...","正在從待購清單移除產品..."
"Removing Store Credit...","正在移除商店購物積分..."
"Request param %s is missed","找不到要求參數%s"
"Required size: %spx x %spx.","需要的大小: %spx x %spx."
"Reset theme to default","將主題重設為預設"
"Resubmission Key","重新提交密鑰"
"Resubmit App","重新提交 App"
"Resubmit App failure. %s","重新提交App失敗 %s"
"Results","結果"
"Revenue","收入"
"Revert","還原"
"Revert Discount","還原折扣"
"Review","評論"
"Rich Push allows you to create and send engaging experiences by adding HTML and other rich media components to your push notifications. Moving beyond alerts and badge updates, Rich Push takes users into the app while displaying content in a customizable WebKit view. Create branded messages that engage your users with new content and information, all without having to update your app. Learn more about Rich Push - <a href=""%1$s"" target=""_blank"">%1$s</a>","Rich Push 可讓您建立和發送引人入勝的體驗給你的客戶，借由加入HTML和其他豐富的媒體元件新增到您的推送通知，提供超越提醒和名片更新的通知方式。Rich Push 借由自定的WebKit視圖，能帶領客戶進入展示內容。對建立品牌的訊息讓您的客戶取得新的內容和資訊。都無需更新您的應用程序。了解更多 Rich Push - <a href=""%1$s"" target=""_blank"">%1$s</a>"
"SORT BY:","排序方式："
"Sample","樣品"
"Samples","樣品"
"Save","儲存"
"Save As","儲存為"
"Save Theme","儲存主題"
"Save and Continue Edit","儲存並繼續編輯"
"Save and Submit App","儲存和提交 App"
"Save in address book","儲存到地址簿"
"Saving Address...","儲存地址..."
"Saving changes ...","儲存變更 ..."
"Saving shipping address ...","儲存配送地址 ..."
"Saving shipping methods ...","儲存配送方式 ..."
"Screen resolution is not supported","不支援這個螢幕解析度"
"Screens:","螢幕："
"Scroll Background Color","捲軸背景色"
"Search","搜尋"
"Search Term","搜尋關鍵字"
"Search Updated","搜尋已更新"
"Searching for %@...","搜尋 %@ 中..."
"Secondary Color","輔助顏色"
"Secondary Font Color","輔助字體顏色"
"See all","看全部"
"Select %@","選取 %@"
"Select All","全選"
"Select Chart","選取購物車"
"Select Links","選取連結"
"Select Options","選取設定"
"Select Payment Method","選取付款方式"
"Select Range","選取範圍"
"Select a","選取一個"
"Select a Billing Address","選取一個帳單地址"
"Select a Shipping Address","選取一個配送地址"
"Select from Address Book","從通訊錄選擇"
"Select shipping method","選取一個配送方式"
"Selected product is unavailable.","無法提供選選取的產品"
"Send","發送"
"Sender Information","發送者資訊"
"Sending e-mail failed...","發送e-mail失敗..."
"Set","設定"
"Settings","設置"
"Shake device to reset the filter","搖晃裝置來重設過濾器"
"Share","分享"
"Share on LinkedIn","分享到 LinkedIn"
"Share on Twitter","分享到 Twitter"
"Ship method","配送方法"
"Shipped","已配送"
"Shipping","配送中"
"Shipping Address","配送地址"
"Shipping Method","配送方法"
"Shipping address","配送地址"
"Shipping address has been set.","配送地址已經設定"
"Shipping method","配送方法"
"Shipping method has been set.","配送方法已經設定"
"Shipping method is required","配送方法是必需的"
"Shipping method successfully updated","配送方法已成功更新"
"Shipping to this address is not possible.","無法配送到這個地址"
"Shop","商店"
"Shop All","全部商店"
"Shop Updated","商店更新"
"Shopping Cart","購物車"
"Shopping cart is empty.","購物車中沒有產品。"
"Show Password","顯示密碼"
"Sign In","登錄"
"Signing In...","正在登錄..."
"Signing Out ...","正在登出..."
"Sky Blue","天藍"
"Social Networking","社交網路"
"Some emails were not sent.","一些E-mail沒有送出"
"Sorry, no quotes are available for this order at this time.","抱歉，目前無法提供這個訂單的報價。"
"Sorry, there are no items in this category.","抱歉，這個分類中沒有項目。"
"Special","特殊"
"Special Excl. Tax","特殊不含稅"
"Special Incl. Tax","特殊含稅"
"Specific Countries","指定國家"
"Specified address does not exist.","不存在特定地址"
"Specified invalid app code.","特定app碼無效"
"Specified invalid data.","特定的無效資料"
"Specified item does not exist in wishlist.","指定項目不存在待購清單中"
"Standard Checkout","標準結帳"
"Standard Checkout uses the checkout methods provided by Magento. Only inline payment methods are supported. (e.g PayPal Direct,  Authorize.Net, etc.)","標準支付將使用Magento提供的支付方法。只能支援文內支付方法（例如e.g PayPal Direct, Authorize.Net,等）"
"Start Date","開始日期"
"Start Date - Month","開始日期 - 月"
"Start Date - Year","開始日期 - 年"
"Starting At","起始價"
"Starting At Excl. Tax","起始價 不含稅"
"Starting At Incl. Tax","起始價 含稅"
"Starting at excl. tax","起始價 不含稅"
"Starting at incl. tax","起始價 含稅"
"State/Province","州/省"
"Status","狀態"
"Storage of offline cart on server failed. Please retry later","在伺服機上儲存離線購物車失敗，請稍後重新嘗試"
"Store Credit Info Updated","商店購物積分訊息更新"
"Store Credit payment is not being used in your shopping cart.","您的購物車沒有使用商店購物積分付款"
"Store View","商店視圖"
"Store credit","商店購物積分"
"Store logo that is displayed on copyright page of app.","商店商標會顯示在App的版權頁。"
"Store switcher hasn\'t been defined","沒有設定商店開關"
"Street Address","街道地址"
"Street Address 2","街道地址 2"
"Subject:","主旨:"
"Submission","提交"
"Submission Fields","提交欄位"
"Submission History","提交記錄"
"Submit App","提交 App"
"Submit App ""%s""","提交 App ""%s"""
"Submit App failure. %s","提交App失敗。""%s"""
"Submit App failure. Invalid activation key provided","提交App失敗。所提供的啟動金鑰錯誤"
"Submit Review","送出評論"
"Submitted","已提交"
"Submitting Review...","正在送出評論..."
"Subtotal","Subtotal"
"Subtotal (Excl. Tax)","小計（未稅）"
"Subtotal (Incl. Tax)","小計（含稅）"
"Subtotal Excl. Tax","小計 未稅"
"Subtotal Incl. Tax","小計 含稅"
"Subtotal excluding tax","小計 未稅"
"Subtotal incl. tax:","小計 含稅:"
"Subtotal including tax","小計 含稅"
"Subtotal:","小計:"
"Success","成功"
"Successfully posted to Facebook","成功張貼到Facebook"
"Successfully posted to Linkedin","成功張貼到Linkedin"
"Summary of Your Review","您的評價匯總"
"Swipe a product to reveal more options","滑動產品獲得更多選項"
"T-Shirts","T恤"
"Tabs","分頁"
"Tax","稅"
"Telephone","電話"
"Tell a Friend","告訴朋友"
"Tell a Friend is disabled.","已經關閉告訴朋友"
"Tell a Friend link has been sent.","告訴朋友的網址已經送出"
"Template","模板"
"Template Content","模板內容"
"Template Name","模板名稱"
"Template does not exist.","模板不存在"
"Template for new AirMail Message does not exist.","新的AirMail訊息模板不存在"
"Template has been deleted.","模板已被刪除"
"Terms And Conditions","條款及條件"
"Text length does not satisfy specified max text range.","文字長度超過特定文字範圍"
"Text length does not satisfy specified min text range.","文字長度小於特定文字範圍"
"Thank you for registering!","感謝您的註冊！"
"Thank you for your purchase! ","感謝您的購買！"
"The %s field should be filled.","%s欄位必填。"
"The Mailbox title will be shown in the More Info tab. To understand more about the title, please <a target=""_blank"" href=""http://www.magentocommerce.com/img/product/mobile/helpers/mail_box_title.png"">click here</a>","收件夾標題會顯示在更多資訊選項分頁下。要詳細了解該標題的資訊，請 <a target=""_blank"" href=""http://www.magentocommerce.com/img/product/mobile/helpers/mail_box_title.png"">點選這裡</a>"
"The application is currently inactive.\nPlease try again later.","這個應用目前暫停，請稍後嘗試。"
"The cart is empty","購物車中沒有項目"
"The custom amount value should be higher than 0.","自定義數值需大於0。"
"The custom amount value should not be higher than %s.","自定義數值不能大於 %s."
"The custom amount value should not be lower than %s.","自定義數值不能小於 %s."
"The following email(s) are either mistyped or have incorrect format. Check them and try again:\n","下列的e-mail可能輸入錯誤或格式錯誤，請檢查後重新輸入:\n"
"The icon that appears in the Android Market.","顯示在Android市場的圖標。"
"The length of the text in the %s field is too big. Please shorten the text.","%s欄的文字長度太長，請簡短。"
"The max length of the field ""%@"" is %d!","""%@""欄的最大長度是 %d!"
"The minimum password length is 6","最小密碼長度為6"
"The server responded with invalid data.","伺服機回傳無效的資料。"
"The shortening service returned status code %d indicating a client side error.","短網址服務回傳狀態碼 %d 顯示了一個client side的錯誤。"
"The shortening service returned status code %d indicating a server side error.","短網址服務回傳狀態碼 %d 顯示了一個server side的錯誤。"
"The store credit payment has been removed from shopping cart.","商店的購物積分付款已經從購物車中移除。"
"The value is too big!","數值太大!"
"The value should not be greater than %.2f!","數值不應該超過 %.2f!"
"The value should not be less than %.2f!","數值不應該小於 %.2f!"
"Theme configurations are successfully reset.","主題設定已經成功重置"
"Theme has been created.","主題已經被產生"
"Theme has been delete.","主題已經被刪除"
"Theme label can\'t be empty","主題標籤不能為空白"
"Theme label:","主題標籤:"
"Theme name is not set.","主題名稱沒有被設定"
"There are files that were selected but not uploaded yet. After switching to another tab your selections may be lost. Do you wish to continue ?","有檔案被選取卻還沒上傳。移動到別的分頁可能會遺失資料，您希望繼續嗎?"
"There are no items here","此地無項目"
"There are no items in your cart","您的購物車中沒有項目。"
"There is an error in loading an app\'s configuration","載入一個App設定時發生錯誤。"
"There is an error in retrieving the data. Please try again later","檢索資料時發生錯誤，請稍後重試。"
"There is no addresses for this contact","這個聯絡人沒有地址。"
"There is no store credit history!","沒有商店購物積分歷史記錄!"
"There were some problems with the data.","這個資料發生問題"
"This email address was not found in our records.","這個E-mail沒有在過去的記錄中。"
"This functionality disabled in offline mode","這個功能在離線版中被關閉"
"This is a required field.","這是必要欄位"
"This product has no images.","這個產品沒有圖片。"
"Title","標題"
"Title bar","標題列"
"To","要"
"To Excl. Tax","要 不含稅"
"To Incl. Tax","要 含稅"
"To activate PayPal MEP payment method activate Express checkout first. ","要啟用PayPal MEP支付方法，首先需要啟用快速結帳功能。"
"To excl. tax","要 不含稅"
"To incl. tax","要 含稅"
"To preview the newly uploaded images, please save your application first.","要預覽最新上傳的圖片，請先儲存你的應用程式。"
"To:","給:"
"Token has not been set.","字串沒有設定"
"Too many recipients have been set.  Max amount of recipients is:","設定太多收件人。最大收件人數量是:"
"Top Search Terms","熱門搜尋關鍵字"
"Total","總"
"Total Order Amount","總訂單額"
"Total incl. Tax: %1$s","含稅總額：%1$s"
"Total incl. tax","含稅總額"
"Totals","總額"
"Touch and hold a product to delete from shopping cart","請長按商品以從購物車中刪除。"
"Touch and hold a product to reveal more options","請長按商品以顯示更多選項。"
"Try Again","T重試"
"Twitter","Twitter"
"Twitter API","Twitter API"
"Twitter API Key","Twitter API密金鑰"
"Twitter Authorization","Twitter 授權"
"Twitter Autorization","Twitter 授權"
"Twitter Secret Key","Twitter密碼"
"Twitter post failed...","張貼到Twitter失敗..."
"Type","類型"
"Type and data is required","需要類型和資料"
"URL","URL"
"Unable to cancel Mobile Express Checkout.","無法取消行動快速結帳。"
"Unable to cancel queue.","無法取消隊列"
"Unable to collect cart totals.","無法蒐集整個購物車資訊"
"Unable to delete queue.","無法刪除隊列"
"Unable to find an app to delete.","無法找到一個要刪除的app"
"Unable to find template to delete.","無法找到一個要刪除的模板"
"Unable to get shipping methods list.","無法取得一個配送方法清單"
"Unable to initialize MEP Checkout.","無法初始化MEP付款"
"Unable to initialize PayPal Mobile Express Checkout.","無法初始化PayPal行動快速結帳。"
"Unable to initialize express checkout review.","無法初始化快速結帳評論"
"Unable to initialize express checkout shipping method list.","無法初始化快速結帳配送方式列表。"
"Unable to initialize return action.","無法初始化回復動作。"
"Unable to load addresses.","無法載入地址。"
"Unable to load application form.","無法載入應用表格。"
"Unable to load banners.","無法載入廣告。"
"Unable to load billing address form.","無法載入帳單地址表格。"
"Unable to load billing address.","無法載入帳單地址。"
"Unable to load categories.","無法載入分類。"
"Unable to load checkout.","無法載入結帳。"
"Unable to load localization.","無法載入在地化設定。"
"Unable to load order list.","無法載入訂單清單。"
"Unable to load order review.","無法載入訂單評論。"
"Unable to load product gallery.","無法載入產品相簿。"
"Unable to load product info.","無法載入產品資訊。"
"Unable to load product options.","無法載入產品選項。"
"Unable to load product review.","無法載入產品評論。"
"Unable to load product reviews.","無法載入產品評論。"
"Unable to load review form.","無法載入評論表格。"
"Unable to load search.","無法載入搜尋。"
"Unable to load shipping address form.","無法載入配送地址表格。"
"Unable to place the order.","無法下訂單。"
"Unable to post the review.","無法張貼評論。"
"Unable to process preview.","無法進行預覽。"
"Unable to render a gift card account.","無法提交禮物卡帳號"
"Unable to render an order.","無法提交訂單。"
"Unable to render downloadable products.","無法提交可下載產品。"
"Unable to render the store credits.","無法提交商店購物積分。"
"Unable to save app.","無法儲存app。"
"Unable to save message.","無法儲存訊息。"
"Unable to save shipping address.","無法儲存配送地址"
"Unable to save shipping method.","無法儲存配送方法"
"Unable to save template.","無法儲存模板"
"Unable to start MEP Checkout.","無法開始MEP結帳"
"Unable to start Mobile Express Checkout.","無法開始行動快速結帳"
"Unable to update shipping method.","無法更新配送方法。"
"Undefined","未定義"
"Unit Price","單價"
"Unit Price:","單價:"
"Unknown Error","未知的錯誤"
"Unknown Error.","未知的錯誤"
"Unknown Payment Bridge Error","未知的付款連結錯誤"
"Unknown error ocured. Please retry later","發生未知的錯誤，請稍後嘗試。"
"Unsupported character in path: ""%s""","不支援的字符在路徑：""%s"""
"Unsupported value type received","收到不支援的類型值"
"Update Comment Error","更新評論錯誤"
"Update Preview","更新預覽"
"Updating ...","正在更新 ..."
"Updating Cart...","正在更新購物車..."
"Upon receiving these credentials, please fill in the corresponding fields.","當收到這些認證，請填入相關欄位。"
"Urban Airship Push Notification","Urban Airship推送通知"
"Use Billing Address","使用帳單地址"
"Use Store Credit (%s available)","使用商店購物積分 (%s 可用)"
"Use as my default billing address","使用並作為我的預設帳單地址"
"Use as my default shipping address","使用並作為我的預設配送地址"
"Use billing address for shipping","使用帳單地址作為配送地址。"
"User Name:","使用者名稱:"
"User session is expired","User session已經過期"
"Version","版本"
"View Cart","查看購物車"
"View Details","查看細節"
"View Gallery","查看相簿"
"View Wishlist","查看待購清單"
"Warning: All related AirMail messages will be deleted!","警告：所有相關的AirMail郵件將被刪除！"
"Website is offline","網站已經離線"
"Website is offline.","網站關閉"
"WishList Updated","待購清單更新"
"Wishlist has been cleared.","待購清單被清空"
"Wishlist has been updated.","待購清單被更新"
"Wishlist has been updated. But there are accrued some errors while updating some items.","待購清單被更新，但是更新一些項目時發生錯誤。"
"Wishlist is empty.","待購清單中沒有項目。"
"Write a Review","撰寫評論"
"Write a review","撰寫評論"
"Wrong Ipad background image orientation has been specified: ""%s"".","指定了錯誤的iPad背景圖片定位: ""%s"""
"Wrong PayPal Mobile Express Checkout Token specified.","指定了錯誤的Paypal行動快速結帳字串。"
"Wrong device type.","裝置類型有誤"
"Wrong email format","郵件格式有誤。"
"Wrong or expired Gift Card Code.","錯誤或過期的禮物卡代碼。"
"Wrong theme format.","錯誤的主題格式。"
"YYYY","YYYY"
"Year","年"
"Yes","是"
"You are already logged in.","您已經登入"
"You are not logged in","您尚未登入"
"You can watch statistics here.","您可以在這裡查看統計數字。"
"You canceled your order. Touch ""Pay with PayPal"" to try again.","您已經取消了訂單。再試一次觸控""用PayPal付款""。"
"You have entered an incorrect decimal value in the custom amount field. Provide a valid value.","你已經輸入了錯誤的十進位數字在客製化數量欄位，請輸入有效的值。"
"You have placed no orders.","您還沒下訂單。"
"You have uncommitted actions. Commit?","您有還沒確認的操作，確認？"
"You may also like","您也可能會喜歡"
"You must login first","您必須先登入"
"You must read and agree to the Terms and Conditions before placing your order.","您必須在下訂單前先同意條約與條款。"
"You need to enable PayPal Express Checkout first from the Payment configuration before enabling PayPal MECL.","您需要在付款設定中先啟動Paypal快速結帳，才能啟動PayPal MECL。"
"You will receive an order confirmation email with details of your order and a link to track its progress.","您會收到一個含有訂單細節與追蹤連結的確認email。"
"Your current balance is:","您現在的帳戶餘額是:"
"Your order # is: %s. ","您的訂單編號是：%s。"
"Your order cannot be completed at this time as there is no payment methods available for it.","您的訂單現在還無法完成，因為目前沒有可用的付款方法。"
"Your order failed. Touch ""Pay with PayPal"" to try again.","您的訂單失敗，按""用PayPal支付""再試一次。"
"Your review has been accepted for moderation.","您的評論已經被接受，未來會改進。"
"Your tweet has been sent. Thanks for sharing this product on Twitter","您的訊息已經被傳送。謝謝您在Twitter上分享這個產品訊息。"
"Zip/Postal Code","郵政編碼"
"\'%s\' exceeds the allowed file size: %d (bytes)","\'%s\' 超過允許的檔案大小: %d (bytes)"
"\'%s\' height exceeds allowed value of %d px","\'%s\' 高度超過允許的大小 %d px"
"\'%s\' is not a valid file extension. Allowed extensions: %s","\'%s\' 不是有效的副檔名，允許的副檔名類型為: %s"
"\'%s\' width exceeds allowed value of %d px","\'%s\' 寬度超過允許的大小 %d px"
"and","和"
"as Guest","以訪客身份"
"each","每個"
"field is required","需要此欄位"
"iPad","iPad"
"iPhone","iPhone"
"image_id is required","需要image_id"
"not set","沒有設定"
"required","需要"
"save","儲存"
"ver. %s","版本 %s"
